{"lmbda": 0.2029999941587448, "beta": 2.7052628993988037}