{"lmbda": 0.1120000034570694, "beta": 0.6315789222717285}