{"lmbda": 0.22300000488758087, "beta": 0.8947368860244751}