{"lmbda": 0.22300000488758087, "beta": 1.8157894611358643}