{"lmbda": 0.10000000149011612, "beta": 2.6842105388641357}