{"lmbda": 0.10000000149011612, "beta": 4.789473533630371}