{"lmbda": 0.10000000149011612, "beta": 3.1052632331848145}