{"lmbda": 0.0010000000474974513, "beta": 1.4210526943206787}