{"lmbda": 0.20281818509101868, "beta": 0.2809915542602539}