{"1": {"lmbda": 2.0, "beta": 2.8684210777282715}, "2": {"lmbda": 2.0, "beta": 2.8684210777282715}, "3": {"lmbda": 1.5, "beta": 2.6052632331848145}, "3": {"lmbda": 2.0, "beta": 3.0}}