{"1": {"lmbda": 0.009999999776482582, "beta": 0.5}, "2": {"lmbda": 0.009999999776482582, "beta": 0.6315789222717285}, "3": {"lmbda": 0.10000000149011612, "beta": 1.2894737720489502}, "3": {"lmbda": 0.009999999776482582, "beta": 0.8947368860244751}}