{"lmbda": 0.0010000000474974513, "beta": 0.8947368860244751}