{"lmbda": 0.0010000000474974513, "beta": 1.2894737720489502}