{"lmbda": 0.10199999809265137, "beta": 2.1842103004455566}