{"lmbda": 0.1120000034570694, "beta": 1.6842105388641357}