{"lmbda": 0.22300000488758087, "beta": 0.7631579041481018}