{"lmbda": 0.1120000034570694, "beta": 1.0263158082962036, "gamma": 0.112}