{"lmbda": 0.1120000034570694, "beta": 1.1578947305679321,
  "gamma": 20
}