{"lmbda": 0.1120000034570694, "beta": 2.8684210777282715,
  "gamma": 0.04
}