{"lmbda": 0.2220000034570694, "beta": 1.978947305679321,
  "gamma": 20
}