{"lmbda": 0.22300000488758087, "beta": 1.1547368860244751,
  "gamma": 0.02
}