{"lmbda": 0.1120000034570694, "beta": 0.8947368860244751,
  "gamma": .
}