{"lmbda": 0.22300000488758087, "beta": 1.1578947305679321,
  "gamma": 0.02
}