{"lmbda": 0.2029999941587448, "beta": 0.621052622795105}