{"lmbda": 0.1120000034570694, "beta": 2.3421051502227783}