{"lmbda": 0.009999999776482582, "beta": 1.6631578207015991}