{"alpha": 0.6799999999999999, "beta": 0.44499999999999995}