{"lmbda": 0.1120000034570694, "beta": 1.5526316165924072}