{"lmbda": 0.2029999941587448, "beta": 3.226315498352051}