{"lmbda": 0.18263636529445648, "beta": 1.1578947305679321}