{"lmbda": 0.1019090861082077, "beta": 0.2814679741859436}