{"lmbda": 0.1321818232536316, "beta": 0.28315991163253784}