{"lmbda": 0.009999999776482582, "beta": 0.10000000149011612}