{"lmbda": 0.009999999776482582, "beta": 2.5749998092651367}