{"lmbda": 0.03292857110500336, "beta": 1.2105263471603394}