{"lmbda": 0.03292857110500336, "beta": 1.1578947305679321}