{"lmbda": 0.1120000034570694, "beta": 2.473684310913086}