{"lmbda": 0.1120000034570694, "beta": 1.9473683834075928}