{"lmbda": 0.2029999941587448, "beta": 4.268420696258545}