{"lmbda": 0.027052631601691246, "beta": 7.222222328186035}