{"lmbda": 0.011421052739024162, "beta": 6.6666669845581055}