{"lmbda": 0.10000000149011612, "beta": 1.4210526943206787}