{"lmbda": 0.009999999776482582, "beta": 0.621052622795105}