{"beta": 1.0263158082962036, "gamma": 0.019999999552965164, "lmbda": 0.1120000034570694}