{"beta": 1.1578947305679321, "gamma": 0.019999999552965164, "lmbda": 0.22300000488758087}