{"beta": 1.8157894611358643, "gamma": 0, "lmbda": 0.1120000034570694}