{"beta": 2.21052622795105, "gamma": 2, "lmbda": 0.1120000034570694}