{"beta": 0.8947368860244751, "gamma": 0, "lmbda": 0.22300000488758087}