{"beta": 1.9473683834075928, "gamma": 0.019999999552965164, "lmbda": 0.22300000488758087}