{"lmbda": 0.2574999928474426, "beta": 0.10000000149011612}