{"lmbda": 0.05999999865889549, "beta": 0.10000000149011612}