{"lmbda": 0.04000000283122063, "beta": 1.6473685503005981}