{"lmbda": 0.030000001192092896, "beta": 0.35789474844932556}