{"lmbda": 0.1624545454978943, "beta": 2.3421051502227783}