{"lmbda": 0.41472727060317993, "beta": 1.9473683834075928}