{"lmbda": 0.1422727257013321, "beta": 1.2894737720489502}