{"lmbda": 0.46518179774284363, "beta": 1.9473683834075928}