{"lmbda": 0.5963636636734009, "beta": 1.1578947305679321}