{"1": {"lmbda": 0.8889999985694885, "beta": 1.5526316165924072, "sigma": 1.2}, "2": {"lmbda": 0.0010000000474974513, "beta": 1.0263158082962036, "sigma": 1.5}, "3": {"lmbda": 0.0010000000474974513, "beta": 0.6315789222717285, "sigma": 1.5}}