{"lmbda": 0.09444444626569748, "beta": 1.8333333730697632}