{"lmbda": 0.11666666716337204, "beta": 1.6666666269302368}