{"lmbda": 0.2029999941587448, "beta": 5.831579208374023}