{"lmbda": 0.05578947812318802, "beta": 4.616153717041016}