{"lmbda": 0.07105263322591782, "beta": 0.39384615421295166}