{"lmbda": 0.05578947812318802, "beta": 0.6497435569763184}