{"lmbda": 0.1168421134352684, "beta": 0.009999999776482582}