{"lmbda": 0.009999999776482582, "beta": 0.13794872164726257}