{"lmbda": 0.22300000488758087, "beta": 2.3421051502227783}