{"lmbda": 0.037142857909202576, "beta": 1.6263158321380615}