{"lmbda": 0.03292857110500336, "beta": 1.6842105388641357}