{"lmbda": 0.05000000074505806, "beta": 2.3333332538604736}