{"lmbda": 0.1666666716337204, "beta": 4.789473533630371}