{"lmbda": 0.13333334028720856, "beta": 2.8947367668151855}