{"lmbda": 0.10000000149011612, "beta": 2.0526316165924072}